Time (s),I_mean (Jy),I_serror (Jy),Q_mean (Jy),Q_serror (Jy),U_mean (Jy),U_serror (Jy),V_mean (Jy),V_serror (Jy)
0.000000000000000,10.55018968259920,0.005584441669226594,0.5341047259944658,0.003631497329356866,-0.01993848605576278,0.001609736292019824,0.02843617578090351,0.001504832460044641
1.000099502487562,10.55328689569757,0.005689505443050371,0.5291189357912277,0.003572118446713026,-0.02219509530524675,0.001619362655498139,0.03048219048406332,0.001469688450823441
2.000199004975124,10.55140286161189,0.005576518555101093,0.5292636031526232,0.003673499451186905,-0.02179576313933814,0.001572194750946883,0.03101959375525641,0.001525604070345950
3.000298507462686,10.54743696425458,0.005557234534968598,0.5247344191771267,0.003527289045641692,-0.01935493830308904,0.001575672906995478,0.02995339986297517,0.001512588669458875
4.000398009950248,10.54963495562637,0.005622734903419316,0.5305808446594399,0.003630628653087693,-0.01732124624459681,0.001597010886803653,0.02943458717926826,0.001490640660781591
5.000497512437811,10.54861067874091,0.005576297987797536,0.5264557391720301,0.003578072963545962,-0.01707952487916136,0.001507486522830712,0.02959852921159524,0.001505511437029044
6.000597014925372,10.54670807980505,0.005633774483478106,0.5326435327334411,0.003635320332950213,-0.01904547459714961,0.001585065588705886,0.02923184692495357,0.001486739438360674
7.000696517412934,10.54450920155228,0.005636734557953937,0.5310883352474391,0.003560421857127184,-0.01983623643874459,0.001595237608577802,0.03108276783303973,0.001533505720994582
8.000796019900497,10.55524962454544,0.005638179198803005,0.5301093095235895,0.003603070668969510,-0.02070381889083382,0.001566352085066512,0.02745713958641310,0.001488612493347994
9.000895522388058,10.55413388165995,0.005605245313031959,0.5319620601457344,0.003584627152119618,-0.02126176520468579,0.001548430076333558,0.03283816421911346,0.001531162538046274
10.00099502487562,10.54890572124171,0.005618445249335758,0.5333310939417829,0.003636844071240447,-0.02141503303067523,0.001549512186220422,0.03010881529055517,0.001470674359224185
11.00109452736318,10.55133303003643,0.005572623163313417,0.5279253623657733,0.003636468272388617,-0.02344817852046259,0.001548815581761418,0.03181758816258729,0.001486750806021339
12.00119402985074,10.54114823854153,0.005645542622732013,0.5300007847358077,0.003702292080009798,-0.02623363948126860,0.001533651944959942,0.03152214264982426,0.001448940926402860
13.00129353233831,10.54051279374531,0.005585660631443706,0.5286247391803653,0.003703811291446688,-0.02361326194409690,0.001590810785089733,0.03453040620008276,0.001492430425623376
14.00139303482587,10.54717494588848,0.005598322104625462,0.5262526012781439,0.003633140258765057,-0.02393024920575379,0.001557529343652669,0.03105169882119934,0.001489050976507812
15.00149253731343,10.54791159551316,0.005612053316573157,0.5221002288531820,0.003594024630184112,-0.01917782185477821,0.001538332650274185,0.03187804956781071,0.001472348726071189
16.00159203980099,10.54440585553880,0.005581142901509384,0.5293163686607956,0.003572018118425604,-0.02238241812120648,0.001581706481540588,0.02781875276935283,0.001515297118239228
17.00169154228855,10.54682282418215,0.005598295259682531,0.5287372642799973,0.003681775713802324,-0.01914075767245488,0.001606825202956490,0.03028048913115631,0.001523832650680183
18.00179104477612,10.55569368859253,0.005625593142750299,0.5216853709499840,0.003628706039555578,-0.02131167229160060,0.001562299813164994,0.03426370426157128,0.001476271999528840
19.00189054726368,10.55138056402808,0.005533195603342872,0.5319237332053152,0.003600747508462105,-0.01636190144852602,0.001595923403153086,0.02914163795034805,0.001475759468922164
20.00199004975124,10.54558900815343,0.005524531497365324,0.5299443714198251,0.003637877557437100,-0.01984883195505501,0.001590148863360518,0.03139829248638233,0.001468412392610196
21.00208955223880,10.54930888262972,0.005639228470209735,0.5314389851278758,0.003660471746231158,-0.01883232661430950,0.001555737990025503,0.02731013845007267,0.001485917847492460
22.00218905472637,10.54959490671913,0.005657647698029171,0.5307638966415087,0.003551477172842273,-0.01758725352003793,0.001554708142823915,0.02996255135526944,0.001520384099128830
23.00228855721393,10.54882328462737,0.005672995224130012,0.5308496052800442,0.003671673713447344,-0.01947849541920962,0.001598422904535951,0.02837902189977826,0.001487137611088852
24.00238805970149,10.55591789039443,0.005645013221669817,0.5395464559580073,0.003627179774703478,-0.02178043423010902,0.001567765768661461,0.03075739814656599,0.001509190272410809
25.00248756218905,10.54982785457551,0.005681022718858047,0.5389696297740606,0.003654689496087350,-0.02391782473655328,0.001617545796667835,0.03114971478316669,0.001500762379752806
26.00258706467661,10.55441218378541,0.005679877543782705,0.5365747098990700,0.003644520749128757,-0.02084749328232475,0.001552089062370670,0.02987988437809514,0.001460137414513125
27.00268656716418,10.54740807280388,0.005591097208088295,0.5353254064665930,0.003646690192188166,-0.02035143502445394,0.001608318749252180,0.02859363220856627,0.001501333770412432
28.00278606965174,10.55072710181015,0.005557435497664046,0.5347744492656462,0.003677158607410895,-0.02153989736761988,0.001599047736836473,0.02894303756825423,0.001502304313174664
29.00288557213930,10.55119930527458,0.005587716188543058,0.5260526679110333,0.003539829710767339,-0.02015374210120797,0.001607866000670357,0.03113610961354185,0.001493785207088419
30.00298507462686,10.55926312721497,0.005663319687485745,0.5219299795855737,0.003654347536172118,-0.02160462424207199,0.001601999998177471,0.02805973751790758,0.001491526045628384
31.00308457711443,10.54570263506649,0.005566113866922715,0.5235309638069370,0.003623157314254446,-0.01859476800541358,0.001605953921314420,0.02946541283897331,0.001513452900862657
32.00318407960199,10.54728998608440,0.005538877848430773,0.5244840610703310,0.003649500304050859,-0.02028028691865533,0.001571372873012690,0.02781839148958142,0.001502374449958857
33.00328358208955,10.54837633218827,0.005603531394925445,0.5196727420892808,0.003676315937345348,-0.01771941712917577,0.001596939398463678,0.03232602253135096,0.001484664849548115
34.00338308457711,10.55487656687492,0.005601515573537898,0.5257839531502443,0.003630674990619043,-0.01985964706979289,0.001604588498876626,0.03017153208032975,0.001479657735520591
35.00348258706467,10.55878715997752,0.005602185365098536,0.5257412487864495,0.003628857077382192,-0.02123121189328119,0.001547435813348800,0.02964153909303559,0.001498174993374995
36.00358208955223,10.55749927827290,0.005607776117811865,0.5232404602754831,0.003657681093813675,-0.01932910926245480,0.001561917507866572,0.02908871446099526,0.001487507013251414
37.00368159203980,10.55178163009747,0.005610607548867525,0.5276772212385699,0.003647977312794893,-0.02148925216143206,0.001595254551002935,0.03007834728935811,0.001485008638506400
38.00378109452736,10.56057057619095,0.005652665609316713,0.5270977192516123,0.003656107461822744,-0.02150873934778702,0.001543133618355647,0.02846983216799601,0.001522289067582126
39.00388059701492,10.56095360891575,0.005558937367033197,0.5263205258623916,0.003583125503052249,-0.02243823545528642,0.001587802946615205,0.02714156136861269,0.001488665889740522
40.00398009950248,10.55986531348293,0.005550957837853952,0.5225202464608147,0.003598764996416033,-0.02761160299916613,0.001564733319241785,0.02972811912130644,0.001469449417257339
41.00407960199004,10.55058299785874,0.005593622247702047,0.5259235959916414,0.003603070624856217,-0.02220589114254212,0.001560060362228104,0.03053181280971691,0.001476903846566993
42.00417910447761,10.55463640495986,0.005648923646703837,0.5282726507528721,0.003713668198691234,-0.02202839146626653,0.001559258159529074,0.02926306363135811,0.001468613231745332
43.00427860696517,10.55740463160347,0.005617694177483088,0.5288224704672544,0.003616846355494530,-0.02315697829096504,0.001606204481032035,0.03154638080595482,0.001499359909435519
44.00437810945273,10.55365016504887,0.005566326721523204,0.5362690128467895,0.003605431943286857,-0.02272918420224808,0.001564696298584107,0.03276602018499827,0.001552925924134298
45.00447761194030,10.55581620679739,0.005616310187013901,0.5317991265746196,0.003670745998777000,-0.02243705108397416,0.001611848282855893,0.03238368087525818,0.001435095852633361
46.00457711442785,10.55931405646460,0.005619275109736426,0.5315606285446145,0.003606595426073328,-0.01874215346324673,0.001566304106271711,0.02883663226975149,0.001488322760337959
47.00467661691542,10.56227158545083,0.005608028642143565,0.5297638100476402,0.003670708126331503,-0.02326655519541407,0.001554198337103657,0.03037942150320768,0.001487155149792477
48.00477611940298,10.55301747026303,0.005582448088216479,0.5277451489025896,0.003636929998753185,-0.02106969089756805,0.001558708823280306,0.03140196164293573,0.001521731266046523
49.00487562189054,10.54986229687236,0.005599184681472699,0.5291149158504429,0.003620394157658193,-0.01794025236279959,0.001581462829389290,0.03154956816638415,0.001482723698614756
50.00497512437811,10.56175573376344,0.005583557404276063,0.5342848106950991,0.003621436695012355,-0.01838056545250265,0.001540386866793773,0.02877479319309879,0.001481943207368515
51.00507462686566,10.55264924957264,0.005572236441716385,0.5375209618421097,0.003637933978648309,-0.02030866184228484,0.001600127082605701,0.03202979215480495,0.001481405512284239
52.00517412935323,10.55023617298212,0.005589103005599707,0.5288930989693116,0.003695835242651236,-0.02055270858918856,0.001556738574981025,0.03065635934778818,0.001460459885829424
53.00527363184079,10.55266107875287,0.005664077939220028,0.5302829184152863,0.003647937028485783,-0.01388833928475919,0.001586538234584729,0.03108082532213787,0.001515402711157112
54.00537313432835,10.55246586694711,0.005697007223089659,0.5317682282567946,0.003563794946026137,-0.01895586543220635,0.001587447141023471,0.02784645400369743,0.001473709406612950
55.00547263681592,10.54266115416770,0.005610955912105739,0.5304772103330401,0.003694589456167751,-0.01771595800593366,0.001567054795550247,0.02851190277196761,0.001451829859016966
56.00557213930347,10.55137171994114,0.005645981767132518,0.5300867050107009,0.003655087193999798,-0.01858154219099235,0.001606466296999891,0.02902427744530435,0.001474776971294561
57.00567164179104,10.55196018688851,0.005670627341419264,0.5314249787657817,0.003601206165840971,-0.02117050690003551,0.001598631242330274,0.02857951165103013,0.001491287490876644
58.00577114427860,10.54816364712185,0.005619096839936704,0.5274454267294120,0.003568654009917766,-0.01916744531301647,0.001561001210103291,0.03082471524187539,0.001486356927862535
59.00587064676616,10.54810427665370,0.005590658999205765,0.5328027889875918,0.003557729515562746,-0.02223613275806451,0.001542849621351413,0.03172870350206670,0.001502484665595307
60.00597014925373,10.54333704183645,0.005579506474451817,0.5296748661583793,0.003762003316025457,-0.01812829366400752,0.001542617670434959,0.02813660717463969,0.001503505359237185
61.00606965174129,10.54611730864554,0.005609168913072588,0.5256845465552183,0.003585682852978609,-0.02217502778790706,0.001567324878209703,0.03161129361188646,0.001451047456554150
62.00616915422885,10.55153680701652,0.005585228346083178,0.5340185431715769,0.003616015429256942,-0.02254961518296148,0.001598768863174710,0.03052153618931519,0.001469248559884037
63.00626865671641,10.54944666152538,0.005551785195235421,0.5324386777110464,0.003609168891962724,-0.02263596484294596,0.001608674047068953,0.03376045076569829,0.001495541354762543
64.00636815920397,10.54875528424840,0.005655067730846264,0.5313960261507468,0.003689489220671745,-0.02223584803955729,0.001560391932752529,0.03132572447993007,0.001482002435775645
65.00646766169153,10.54587827184179,0.005518081654286793,0.5323227663484016,0.003620795657507469,-0.02052495328650425,0.001556108302428063,0.03234443487177526,0.001510304404676166
66.00656716417910,10.54408301849256,0.005552405344572047,0.5325942106969785,0.003641248667632944,-0.01742633789392501,0.001577496536042150,0.03173761537575502,0.001495105338301518
67.00666666666666,10.54121944574945,0.005602676284806441,0.5321197488673406,0.003595254309755623,-0.01702115008547931,0.001545501674755545,0.03050009337310229,0.001512374788861226
68.00676616915422,10.54984501957722,0.005543836022620522,0.5255030173256391,0.003627243731749756,-0.01918072125780280,0.001557217962020500,0.02937929382801138,0.001487565269260255
69.00686567164178,10.54981545024978,0.005604371712959386,0.5320455849026766,0.003483368307432075,-0.01735358442611521,0.001573405646601238,0.02858557068812138,0.001507598476404268
70.00696517412935,10.55193964572009,0.005650762355498423,0.5299386360660494,0.003701590676031508,-0.01371452570756486,0.001598499337704139,0.02811797515044307,0.001461497271536424
71.00706467661691,10.54108779904508,0.005658218770612247,0.5274206288430021,0.003597446923318265,-0.01794573902635494,0.001517930599481978,0.02961043662051510,0.001430097469808552
72.00716417910446,10.55321629218361,0.005607732850813236,0.5326029199363979,0.003644248989214598,-0.01660229970280691,0.001575595235947469,0.02779434864063081,0.001534075193880331
73.00726368159204,10.55181764111889,0.005607500083173821,0.5290279543391074,0.003659045304319831,-0.01699004969753315,0.001563735358009731,0.02929482728488621,0.001502092698574397
74.00736318407959,10.55084943617378,0.005557644378972625,0.5291205774104429,0.003600519597389191,-0.01623612786410238,0.001600092835393821,0.02988997706546337,0.001510592609141082
75.00746268656715,10.54728459156333,0.005594642245133288,0.5271324088494446,0.003574230501685154,-0.01816405489914735,0.001624469290994522,0.03024960235675954,0.001443407806267119
76.00756218905472,10.54466869834496,0.005585730944120313,0.5306655279407975,0.003625714793536875,-0.01785867993328896,0.001553195767927779,0.03260869778181714,0.001530405593461910
77.00766169154228,10.54050734028526,0.005580438484911433,0.5286793830492272,0.003627995213550207,-0.01645113576917929,0.001606574215225563,0.02784209817631559,0.001513142107867507
78.00776119402984,10.54908435318422,0.005678367920364939,0.5293159356203938,0.003566348953481087,-0.01899463069104380,0.001581228472585888,0.02915415832351080,0.001492719038829483
79.00786069651740,10.54057997004009,0.005589288849521748,0.5282169937283170,0.003653970273575190,-0.01909801965628463,0.001589992761916247,0.02894071988876674,0.001521306886402317
80.00796019900497,10.54317166381507,0.005523918119424849,0.5233332514054079,0.003574661116701416,-0.01997504042407325,0.001586585547905667,0.02836623843365033,0.001479088138425105
81.00805970149253,10.54434253271657,0.005597985195945194,0.5278198335844139,0.003622330087648211,-0.02414632527930567,0.001564329660163040,0.03234987102071683,0.001540112474198900
82.00815920398009,10.55003017990271,0.005585062885861625,0.5312466031089998,0.003624286396263295,-0.02305778429843113,0.001548122586875400,0.02905599812799728,0.001496687306006449
83.00825870646766,10.54997841465692,0.005526812784919456,0.5308735676734537,0.003625824290629882,-0.02216953041506867,0.001592951600836331,0.02843309807988478,0.001510203668840723
84.00835820895522,10.54366848874672,0.005637911192224193,0.5327899841682096,0.003615479970113238,-0.02266494790904738,0.001566193727480019,0.02984013931700165,0.001483795424848555
85.00845771144277,10.54538559845710,0.005631642507173225,0.5337713989928403,0.003654037663191697,-0.02278418467099735,0.001571965914165611,0.02839005589523658,0.001484682000934358
86.00855721393035,10.54897028908005,0.005610237702041672,0.5354996018567976,0.003566288262246861,-0.02252718289938566,0.001611056274530419,0.03230685830870941,0.001450666593216091
87.00865671641790,10.54227715952690,0.005571330943613230,0.5315540436458501,0.003595583014458804,-0.02541537107489771,0.001576663356348201,0.02842426344082337,0.001473128243911220
88.00875621890546,10.55619988638171,0.005680269865458458,0.5342503287741598,0.003697710007689025,-0.02472683433392856,0.001569344332862206,0.03038225431311627,0.001495756224514712
89.00885572139302,10.55152517214589,0.005611061738342281,0.5347683376344767,0.003655213157772856,-0.02263245174175394,0.001554737951242034,0.03267722601663505,0.001481165042902163
90.00895522388059,10.55361131147781,0.005657944475787952,0.5286226941073192,0.003635783574378732,-0.02323564761002044,0.001559101898306636,0.03052985203891264,0.001475220452918643
91.00905472636815,10.55339529702064,0.005562190383576191,0.5295647805099523,0.003613685397566038,-0.02135581154084419,0.001625054858228617,0.03195760747319881,0.001466681972491513
92.00915422885571,10.55163617057596,0.005648024229597672,0.5304900393679983,0.003644286740612380,-0.02205995511063680,0.001621839553745205,0.03278525362900198,0.001458264671122726
93.00925373134328,10.55301336183818,0.005611099924066246,0.5294256472850547,0.003557514060845894,-0.02135696063281958,0.001595020713013986,0.03115224643161757,0.001509792615585670
94.00935323383084,10.55139450820928,0.005571052878413660,0.5284250643374263,0.003664681094035210,-0.02160024481651050,0.001547519336672844,0.03149647472989075,0.001526168433472952
95.00945273631839,10.53978256093292,0.005639105172563199,0.5254431632707426,0.003674432122498858,-0.01987891677810978,0.001525616243760609,0.03386928930307834,0.001470639997923494
96.00955223880595,10.53519352940580,0.005605620200329742,0.5243018938849370,0.003634054411496350,-0.02425259943070164,0.001577502703062654,0.03157007340414513,0.001508121914429615
97.00965174129352,10.53726131776805,0.005576347008874326,0.5163307708266165,0.003667258324799846,-0.02393190603660169,0.001576612154413260,0.03219512626355719,0.001482073960090051
98.00975124378108,10.54886856794357,0.005621253444107421,0.5199665400838067,0.003613315750270851,-0.02250433243914632,0.001547423587746126,0.03246180789544620,0.001433656331334929
99.00985074626864,10.55228160215506,0.005556700194058256,0.5231727414677775,0.003672090170781861,-0.02169284582394901,0.001524156725732267,0.02981028215210254,0.001511297048482396
100.0099502487562,10.55966633966991,0.005677000265598013,0.5197755510537475,0.003606006412178178,-0.01957976818161015,0.001618772577020193,0.03109443890633572,0.001496147694878792
101.0100497512438,10.55457317448176,0.005557648217504730,0.5242939572977250,0.003650905105418286,-0.01906245367556798,0.001505271015938548,0.02913309301937506,0.001531015893661479
102.0101492537313,10.55476308039500,0.005564681403195149,0.5229473654830525,0.003697424288727221,-0.01678885245996008,0.001573155307638948,0.02955947833182699,0.001481198204137972
103.0102487562189,10.55834873718229,0.005611117039494682,0.5230112614535782,0.003678389368677638,-0.01803500966022441,0.001557505791263234,0.02922857811248208,0.001460749327542791
104.0103482587065,10.54832309879018,0.005682883815947064,0.5187455016903687,0.003695896805079087,-0.01719780811599026,0.001585433439371454,0.03270164409372187,0.001490069016651398
105.0104477611940,10.54379319647412,0.005550895075177125,0.5170801698090982,0.003694943804534419,-0.02009237525973195,0.001567057421721414,0.03379244153816009,0.001506302563553935
106.0105472636816,10.54249457841448,0.005643695782579099,0.5168737619247673,0.003602692661369388,-0.01812311967244137,0.001593846773929076,0.03074365722634177,0.001493175837153971
107.0106467661691,10.55544906237591,0.005686721145435119,0.5221436326126148,0.003562906522527779,-0.01886904268860988,0.001557749872121483,0.02910892036659284,0.001450815137804271
108.0107462686567,10.54725391496070,0.005579777938677659,0.5259020658141800,0.003546235021206995,-0.02119101622244347,0.001609713434086850,0.03059464940120038,0.001446953473573911
109.0108457711443,10.55048038963738,0.005688439553898824,0.5163424714602246,0.003618276514059423,-0.01471479256874057,0.001595295832565610,0.03135249463453282,0.001483791444959646
110.0109452736318,10.54332610529244,0.005641269390872415,0.5177064628902344,0.003689123007772476,-0.01876083470177024,0.001530100159135635,0.02957201172221698,0.001471132089613421
111.0110447761194,10.54984961558637,0.005569602300407207,0.5273126813281667,0.003619819599932238,-0.01754169986003314,0.001591693858619398,0.02815993280631218,0.001505618768917963
112.0111442786069,10.54806427832661,0.005576668027569209,0.5335529039405612,0.003565798002426027,-0.01532785486061088,0.001553641436968353,0.02748892696617029,0.001492512882794590
113.0112437810945,10.54816311343505,0.005594448800323296,0.5389381055684475,0.003650927475283185,-0.01892145698472793,0.001560569813606205,0.03269141325078485,0.001534910818536337
114.0113432835821,10.54833553375736,0.005561544642718646,0.5318154694236817,0.003589562628686079,-0.01910508612293845,0.001567836713112073,0.02915056900382941,0.001483882185637357
115.0114427860696,10.55519296674647,0.005667361259139464,0.5326938925659159,0.003698301214715076,-0.02254067881998311,0.001578546534057188,0.03134749697810274,0.001473606631187281
116.0115422885572,10.55412999777534,0.005625066627444043,0.5291717694506108,0.003630808132187567,-0.02106139181549857,0.001586621492724910,0.02818365852213330,0.001529629896673948
117.0116417910448,10.55054182434898,0.005685210360417271,0.5267917928073297,0.003542680160369662,-0.01935073441647788,0.001610735231890926,0.02863548223217948,0.001442408825443829
118.0117412935323,10.54710046714355,0.005629998947221202,0.5325313848943967,0.003579381944207576,-0.02476610942254766,0.001604508808597952,0.02811884735495665,0.001455707047140301
119.0118407960199,10.54996585400945,0.005608197641543374,0.5316381863965333,0.003697149547780527,-0.02388999809122317,0.001561044716074756,0.03151725984861177,0.001487677897771043
120.0119402985075,10.54872477654930,0.005556712912593208,0.5317584579034623,0.003668901932702815,-0.02381275960805447,0.001546290127098543,0.03183719268100665,0.001486542089301855
121.0120398009950,10.54668903828008,0.005697882796918244,0.5210247309354642,0.003676426233915748,-0.02396413649302941,0.001623822147616707,0.02990343445191121,0.001444773348591717
122.0121393034826,10.54717571383840,0.005637233438767730,0.5239025792283734,0.003617138296961050,-0.02445158061195991,0.001563234290542018,0.03137896970873700,0.001482452376738152
123.0122388059701,10.54694451782041,0.005642329915813198,0.5308281058468669,0.003635901288182679,-0.01860337710435826,0.001602344780058138,0.03068723937871000,0.001502378317653726
124.0123383084577,10.55131010483168,0.005609756854789932,0.5303141520202441,0.003624741041233440,-0.01942107744923134,0.001600739088246739,0.03090716152698009,0.001491943211017428
125.0124378109453,10.54616470815460,0.005590785304925600,0.5284552971394325,0.003623523770322255,-0.01857308470581480,0.001593930316211075,0.02991641146125542,0.001478075511177608
126.0125373134328,10.54364365469458,0.005566908590963252,0.5286017247217769,0.003715419779016018,-0.01609883563033928,0.001535321300320865,0.02969872165673556,0.001504820005537492
127.0126368159204,10.54614647258038,0.005560896784849491,0.5323077719685647,0.003714929791868679,-0.01357399231867080,0.001581059388801169,0.02853392243708601,0.001467989541421966
128.0127363184079,10.54707135864149,0.005616733390735534,0.5331412361064093,0.003680132812910351,-0.01608293799239550,0.001621602645565343,0.03007414071799335,0.001511479764138499
129.0128358208955,10.54283361554788,0.005531988270917550,0.5273212765208982,0.003624802900096777,-0.01804255610656217,0.001586499660390529,0.02652902713972530,0.001484289382042437
130.0129353233831,10.54975970160241,0.005610737700613697,0.5288482861565625,0.003663949821958089,-0.01600092337444938,0.001583725738495026,0.02758957107176032,0.001482995850144447
131.0130348258706,10.55163096666081,0.005658413802681999,0.5323646983758118,0.003558295582749093,-0.01479434709414083,0.001546462545417465,0.02780741451039960,0.001487883900432584
132.0131343283582,10.55616042245225,0.005633801537338455,0.5297970105255831,0.003638835537025732,-0.01850874225150035,0.001617472857364590,0.02988413061601800,0.001532449645344219
133.0132338308458,10.55570787986690,0.005589682384223947,0.5270790866311014,0.003581334231048470,-0.01650075515040027,0.001588025573742163,0.02885434703767147,0.001450614265441141
134.0133333333333,10.55126271331221,0.005555036313594983,0.5322740006337472,0.003608254434022987,-0.01675877276750634,0.001567006023490427,0.03231287363510231,0.001488517300574188
135.0134328358209,10.54883413817113,0.005581536993057213,0.5297455410209982,0.003574878899759877,-0.01628488740314425,0.001518074099597219,0.02938612964855767,0.001537681814476938
136.0135323383084,10.55206629430657,0.005642002582983759,0.5272724598308245,0.003549842459146438,-0.02032548323588767,0.001530436282144764,0.02784800646509211,0.001478687560479205
137.0136318407960,10.55255592842578,0.005671256979463021,0.5267134257765735,0.003686064474128413,-0.01793263749986126,0.001600471666287225,0.02881610844904441,0.001503376100684435
138.0137313432836,10.54847642882853,0.005612916305643556,0.5250170923641625,0.003627909648201024,-0.02040009531361102,0.001567042265927908,0.02975626970521960,0.001486794689310858
139.0138308457711,10.54526245764812,0.005594843913790741,0.5242899264564778,0.003640705304385207,-0.02065928212085581,0.001602024020616165,0.02948707408160236,0.001479843960782171
140.0139303482587,10.55242666236968,0.005558668471146611,0.5230050272571705,0.003641179404885653,-0.02012601673745249,0.001509491243012994,0.02988848628315021,0.001499652077714307
141.0140298507463,10.53969184717686,0.005575955718235876,0.5282800604045759,0.003655653043858501,-0.02157453299513535,0.001534229124649075,0.03178704416431972,0.001496829433564361
142.0141293532338,10.55026414784085,0.005674812857530634,0.5263189062416314,0.003639627244525225,-0.02246671441351248,0.001573258279038868,0.02663253285232002,0.001473349150631452
143.0142288557214,10.56446231042513,0.005692575172299672,0.5407028836318928,0.003790299871331506,-0.02095770977255878,0.001602155820906292,0.02846062454173500,0.001510205639072833
144.0143283582089,10.55580006601799,0.005665883304142754,0.5412113830348876,0.003610021247886784,-0.02223288153484588,0.001608820711670953,0.02734890450836383,0.001513132459571303
145.0144278606965,10.55067843316403,0.005601727564561915,0.5400172088177410,0.003644054851001102,-0.02226949765808901,0.001596784660970245,0.03218809017390017,0.001503408608662294
146.0145273631841,10.54458882226947,0.005575860938108739,0.5407619428495523,0.003702306708572858,-0.02827962595711308,0.001559281918731435,0.02990617820170862,0.001472745116451000
147.0146268656716,10.53409758350366,0.005552875906322834,0.5374443415918242,0.003647923512565433,-0.02287816421467492,0.001585955394281061,0.03316458577259356,0.001485734463655998
148.0147263681592,10.53876905066626,0.005596451094044466,0.5326719176673611,0.003633628173808016,-0.02396840775984603,0.001541652712338817,0.02954895194919056,0.001454642114286179
149.0148258706467,10.53573392071388,0.005649077880719027,0.5301779282038862,0.003653053580123037,-0.02418123653043741,0.001623141529026782,0.03262256662671215,0.001447355943036338
150.0149253731343,10.54919836549420,0.005592470281780000,0.5280196132086199,0.003649051561113259,-0.01871114204308713,0.001646322703507928,0.02954947607877396,0.001490794664309234
151.0150248756219,10.54801028441293,0.005644719212307567,0.5553258074248260,0.003631779581219428,-0.02181874946314213,0.001635771510092666,0.03241384914368845,0.001521695770495588
152.0151243781094,10.55992988731149,0.005631118518732313,0.5524152286573538,0.003655410433234688,-0.02565482509454626,0.001599560333413727,0.03072537661492249,0.001493724182931080
153.0152238805970,10.55489405693964,0.005625200781498187,0.5485800173419751,0.003598658403314903,-0.02678947513958528,0.001562748287096815,0.03339073137516869,0.001528640992408950
154.0153233830846,10.55349424165339,0.005695247988475942,0.5442642106065947,0.003522809044951210,-0.02328735807120058,0.001560318935170788,0.03141747787246495,0.001522713749026854
155.0154228855721,10.54981442548345,0.005588258824721585,0.5421408954276941,0.003641289786041641,-0.02552856986871754,0.001613840390213408,0.03358268427893897,0.001449553100887929
156.0155223880597,10.54950997962460,0.005607214021655114,0.5363035842028238,0.003647123379050847,-0.02404787503155139,0.001557847642188437,0.03054567194366868,0.001470629584777292
157.0156218905472,10.56772526951183,0.005707859448042541,0.5562465875622213,0.003652856841888106,-0.02293812637537035,0.001589747681509111,0.03214588026102629,0.001553218038201658
158.0157213930348,10.58899542722331,0.005700823734836537,0.5696559118144536,0.003787403665345132,-0.02455995928848673,0.001607526209284585,0.03071576809831039,0.001568322238163051
159.0158208955224,10.60644883949473,0.005673399732049144,0.5798685761224838,0.003650102479108462,-0.02210094052110141,0.001578884046574418,0.03335528941172319,0.001479278806269272
160.0159203980099,10.59595990360360,0.005653872256821387,0.5736648021675537,0.003607566457003070,-0.02047122772882485,0.001568948461718557,0.02754345536282950,0.001514033717965735
161.0160199004975,10.59326572697603,0.005641956977834112,0.5749808135844691,0.003680402954109267,-0.02112940320452973,0.001608941550327076,0.02852733161783973,0.001475060078059423
162.0161194029851,10.58395903349177,0.005698163613722692,0.5640604507979234,0.003719456753674588,-0.01906807344361626,0.001582052368188804,0.03029680625193697,0.001492205207143941
163.0162189054726,10.56899312291826,0.005686457799611222,0.5449861078262329,0.003649579333078547,-0.01973128908920174,0.001554663916387661,0.02992761953938658,0.001541091749559897
164.0163184079602,10.57321921215262,0.005606781062686706,0.5410037892072913,0.003625590501947470,-0.02158753889593323,0.001560513880199500,0.03197838580599319,0.001501860067176372
165.0164179104477,10.57412266280131,0.005677832507651999,0.5483734129810998,0.003635316109183571,-0.01952352990590089,0.001627719072354916,0.02867256344173593,0.001505940037670524
166.0165174129353,10.55184341064311,0.005640184799476507,0.5270471643626560,0.003621775981497482,-0.01946498472954705,0.001552487020732920,0.03127836842972288,0.001478388189600206
167.0166169154229,10.54258627082074,0.005679416287890292,0.5259601294483706,0.003661863330184693,-0.01917659923316170,0.001615119042624635,0.02548858813723142,0.001499316990801456
168.0167164179104,10.53421678734099,0.005664734912060945,0.5283536602857343,0.003577255518276428,-0.01819801573150480,0.001571715621985967,0.02615924811308041,0.001509182485966309
169.0168159203980,10.54305644778905,0.005668366343178110,0.5279508466983319,0.003603659099239309,-0.02113231713891850,0.001520403239648096,0.03109438585934541,0.001450250021128079
170.0169154228855,10.54040378800506,0.005561963893029658,0.5230406511090504,0.003600257773806882,-0.01782342482971405,0.001585247144862222,0.02966516832006470,0.001512988733472695
171.0170149253731,10.54524772366960,0.005597645621549494,0.5205029596235049,0.003662396799832593,-0.01940447059932463,0.001650754795576962,0.02999216297902006,0.001481186406282775
172.0171144278607,10.55236691789617,0.005664184792756747,0.5260689222806120,0.003632378254771943,-0.01949901854798628,0.001586340062499782,0.02706961689002098,0.001488978558884449
173.0172139303482,10.55427909436344,0.005568342152387442,0.5229673458763344,0.003626840832242320,-0.02097516730146081,0.001573444485396158,0.03249470929411726,0.001451053242744584
174.0173134328358,10.54540895800877,0.005623707170629534,0.5271229730213466,0.003673100245034012,-0.01976807573670798,0.001609448163638447,0.03363202403158104,0.001487636598973814
175.0174129353234,10.54657058107601,0.005608337414972336,0.5271925714218186,0.003684625581249742,-0.02130137282648110,0.001516125224228496,0.03072088503313750,0.001492763952166621
176.0175124378109,10.54895267288175,0.005577868456636205,0.5329057107270639,0.003561960744208553,-0.02035501985858292,0.001539300011635806,0.02734114465768104,0.001475431260181508
177.0176119402985,10.54762959761379,0.005585183382409012,0.5344409048231811,0.003638686408946825,-0.02045030789985065,0.001619013346301844,0.03037582608788270,0.001495582718108251
178.0177114427860,10.55181248903444,0.005595940362253358,0.5226055764556587,0.003592871315874375,-0.02382322005307134,0.001600851971946102,0.02926873840704755,0.001520835303077844
179.0178109452736,10.55117961401933,0.005625815934064066,0.5271929531745667,0.003629501506649060,-0.02201178880172616,0.001616106367714364,0.02942325967592155,0.001493251985494211
